{
	"format_version": "1.8.0",
	"animations": {
		"transformation": {
			"loop": true,
			"animation_length": 2,
			"bones": {
				"head": {
					"rotation": {
						"0.0": {
							"vector": [0, 0, 0]
						},
						"0.25": {
							"vector": [8, -22.5, 0]
						},
						"0.5": {
							"vector": [7.53994, -2.78417, 3.40742]
						},
						"0.7": {
							"vector": [9.55073, 29.19987, 9.58826]
						},
						"0.9": {
							"vector": [10.40933, -44.58653, -4.94661]
						},
						"1.0": {
							"vector": [7.61905, -12.64542, 1.74344]
						},
						"1.15": {
							"vector": [-7.3547, -10.15638, 1.50812]
						},
						"1.25": {
							"vector": [-7.33733, -2.68892, 0.80963]
						},
						"1.5": {
							"vector": [-4.83733, -2.68892, 0.80963]
						},
						"1.6": {
							"vector": [-2.33733, -2.68892, 0.80963]
						},
						"2.0": {
							"vector": [0, 0, 0]
						}
					}
				},
				"rightarm": {
					"rotation": {
						"0.0": {
							"vector": [0, 0, 5]
						},
						"0.25": {
							"vector": [0, 0, 2.5]
						},
						"0.75": {
							"vector": [0, 0, 7.5]
						},
						"1.25": {
							"vector": [0, 0, 5]
						},
						"1.6": {
							"vector": [0, 0, 2.5]
						},
						"2.0": {
							"vector": [0, 0, 5]
						}
					}
				},
				"leftarm": {
					"rotation": {
						"0.0": {
							"vector": [0, 0, -5]
						},
						"0.25": {
							"vector": [-69.41381, 17.07228, -1.09601]
						},
						"0.75": {
							"vector": [0, 0, -5]
						},
						"1.25": {
							"vector": [0, 0, -7.5]
						},
						"1.6": {
							"vector": [0, 0, -2.5]
						},
						"2.0": {
							"vector": [0, 0, -5]
						}
					}
				},
				"_": {
					"rotation": {
						"0.0": {
							"vector": [0, 0, 0]
						},
						"0.25": {
							"vector": [-87.5, 0, 0]
						},
						"0.5": {
							"vector": [-87.5, 0, 0]
						},
						"0.65": {
							"vector": [-78.59515, 77.25635, 11.13101]
						},
						"0.75": {
							"vector": [84.55859, 15.6252, 179.32955]
						},
						"0.9": {
							"vector": [171.0293, 7.8126, 89.66478]
						},
						"1.0": {
							"vector": [-87.5, 0, 0]
						},
						"1.25": {
							"vector": [-87.5, 0, -720]
						},
						"2.0": {
							"vector": [0, 0, 0]
						}
					},
					"position": {
						"0.0": {
							"vector": [0, 0, 0]
						},
						"0.15": {
							"vector": [-1.23, 5.28, -3.87]
						},
						"0.25": {
							"vector": [-2.5, 10.7, -5]
						},
						"0.5": {
							"vector": [-5.9, 9.5, -7.8]
						},
						"0.55": {
							"vector": [-11.96, 9.5, -7.46]
						},
						"0.65": {
							"vector": [-17.9, 9.5, 0.2]
						},
						"0.7": {
							"vector": [-15.68, 9.5, 10.6]
						},
						"0.75": {
							"vector": [-8.9, 9.5, 15.2]
						},
						"0.85": {
							"vector": [3.63, 9.5, 11.4]
						},
						"0.9": {
							"vector": [6.43, 9.5, -2.47]
						},
						"0.95": {
							"vector": [1.26, 9.5, -6.14]
						},
						"1.0": {
							"vector": [-3.9, 9.5, -7.8]
						},
						"1.1": {
							"vector": [-4.9, 11.93, -7.8]
						},
						"1.15": {
							"vector": [-3.4, 14.37, -7.8]
						},
						"1.25": {
							"vector": [-3.9, 16.8, -7.8]
						},
						"2.0": {
							"vector": [0, 0, 0]
						}
					},
					"scale": {
						"1.25": {
							"vector": [1, 1, 1]
						},
						"1.35": {
							"vector": [2.1084, 1, 0.8425]
						},
						"1.4": {
							"vector": [0.92, 1, 1.7933]
						},
						"1.5": {
							"vector": [1.99, 1, 0.75]
						},
						"1.6": {
							"vector": [0, 1, -0.1]
						},
						"1.95": {
							"vector": [0, 1, -0.1]
						},
						"2.0": {
							"vector": [1, 1, 1]
						}
					}
				}
			}
		}
	}
}